"Toy","Lucy1&Lucy2","2016-08-22/10:00","2016-08-22/11:00","meeting9"
"Lily","Lucy1&Toy","2016-08-21/11:00","2016-08-21/12:00","meeting1"
"ihavealonglonglongusername","Lucy1&Lucy2&Lucy3&Lily","2016-01-01/00:00","2016-01-01/01:00","longlonglonglongmeetingtitle"
"Lily","Toy","2016-01-01/01:00","2016-01-01/02:00","littlelongmeeting"
"Lily","Lucy1&Lucy2","2011-01-01/00:00","2011-01-01/01:00","meetingmeetingmeeting"
"Lily","Lucy1&Toy","2000-01-01/00:02","2000-01-01/00:03","123456"
"Lily","Toy","2016-08-21/12:00","2016-08-21/13:00","meeting100"
"Toy","Lily","2016-08-21/13:00","2016-08-21/14:00","meeting101"
"Lily","Toy","2016-08-21/14:00","2016-08-21/15:00","meeting102"
"Lily","Toy","2016-08-21/10:00","2016-08-21/11:00","meeting1-4"
"Lily","Toy","2016-08-21/15:00","2016-08-21/16:00","meeting105"
"Lily","Toy","2016-08-21/09:00","2016-08-21/10:00","meeting106"
